{"nelson_0_01.graph": {"avg_clustering": 0.829933780420942, "min_connectivity": 1, "avg_connectivity": 1.674933569530558, "max_connectivity": 7, "avg_pathlength": 16.857142857142858}, "nelson_0_015.graph": {"avg_clustering": 0.7687435543349589, "min_connectivity": 1, "avg_connectivity": 2.0279569892473117, "max_connectivity": 10, "avg_pathlength": 12.947368421052632}, "nelson_0_03.graph": {"avg_clustering": 0.6562580095001628, "min_connectivity": 1, "avg_connectivity": 3.0891840607210628, "max_connectivity": 16, "avg_pathlength": 9.886075949367088}, "nelson_0_05.graph": {"avg_clustering": 0.5708112700587348, "min_connectivity": 1, "avg_connectivity": 4.571967020023557, "max_connectivity": 30, "avg_pathlength": 7.8}, "nelson_0_07.graph": {"avg_clustering": 0.5136192284049902, "min_connectivity": 1, "avg_connectivity": 6.357769973661107, "max_connectivity": 52, "avg_pathlength": 6.43298969072165}, "nelson_0_11.graph": {"avg_clustering": 0.43348646228799226, "min_connectivity": 1, "avg_connectivity": 13.515673017824216, "max_connectivity": 166, "avg_pathlength": 4.71}, "nelson_0_13.graph": {"avg_clustering": 0.3955702451164284, "min_connectivity": 1, "avg_connectivity": 20.09700889248181, "max_connectivity": 212, "avg_pathlength": 4.09}, "nelson_0_16.graph": {"avg_clustering": 0.34697212950848355, "min_connectivity": 1, "avg_connectivity": 36.876, "max_connectivity": 295, "avg_pathlength": 3.38}, "nelson_0_20.graph": {"avg_clustering": 0.30138336948801314, "min_connectivity": 1, "avg_connectivity": 83.22299860251547, "max_connectivity": 482, "avg_pathlength": 2.67}, "nelson_0_25.graph": {"avg_clustering": 0.28392007768980093, "min_connectivity": 1, "avg_connectivity": 233.4878243512974, "max_connectivity": 1034, "avg_pathlength": 2.15}, "nelson_1_03.graph": {"avg_clustering": 0.6807200216323114, "min_connectivity": 1, "avg_connectivity": 2.9500998003992014, "max_connectivity": 17, "avg_pathlength": 10.698630136986301}, "nelson_1_05.graph": {"avg_clustering": 0.6000650506346923, "min_connectivity": 1, "avg_connectivity": 4.306986027944112, "max_connectivity": 31, "avg_pathlength": 8.09375}, "nelson_1_07.graph": {"avg_clustering": 0.5389875844473437, "min_connectivity": 1, "avg_connectivity": 6.059081836327345, "max_connectivity": 52, "avg_pathlength": 6.589473684210526}, "nelson_2_01.graph": {"avg_clustering": 0.5449334357735123, "min_connectivity": 2, "avg_connectivity": 3.33812375249501, "max_connectivity": 16, "avg_pathlength": 9.14}, "nelson_2_02.graph": {"avg_clustering": 0.5347496759104737, "min_connectivity": 2, "avg_connectivity": 3.578043912175649, "max_connectivity": 18, "avg_pathlength": 9.02}, "nelson_3_01.graph": {"avg_clustering": 0.4380146449052805, "min_connectivity": 3, "avg_connectivity": 4.825948103792415, "max_connectivity": 20, "avg_pathlength": 6.98}, "nelson_3_02.graph": {"avg_clustering": 0.4363489739718466, "min_connectivity": 3, "avg_connectivity": 4.938922155688623, "max_connectivity": 23, "avg_pathlength": 6.86}, "nelson_graph.graph": {"avg_clustering": 0.4433266531262189, "min_connectivity": 1, "avg_connectivity": 7.949854952341483, "max_connectivity": 46, "avg_pathlength": 5.282828282828283}, "nelson_graph_1min.graph": {"avg_clustering": 0.4553372958546398, "min_connectivity": 1, "avg_connectivity": 7.793213572854292, "max_connectivity": 47, "avg_pathlength": 5.6767676767676765}, "pathlengths_directed_step_distance.graph": {"avg_clustering": 0.23308597444195187, "min_connectivity": 1, "avg_connectivity": 12.677560781187724, "max_connectivity": 33, "avg_pathlength": 4.357142857142857}, "pathlengths_undirected_kennetetal.graph": {"avg_clustering": 0.7714708912110492, "min_connectivity": 1, "avg_connectivity": 5.851335193304105, "max_connectivity": 35, "avg_pathlength": 21.74}, "pathlengths_undirected_step_distance.graph": {"avg_clustering": 0.2806163910222114, "min_connectivity": 1, "avg_connectivity": 22.013551215623753, "max_connectivity": 330, "avg_pathlength": 3.03}, "pathlengths_undirected_step_distance_pmfg.graph": {"avg_clustering": 0.78745489817908, "min_connectivity": 3, "avg_connectivity": 5.997608609007573, "max_connectivity": 119, "avg_pathlength": 12.37}, "nelson_1_01.graph": {"avg_clustering": 0.784864873427741, "min_connectivity": 1, "avg_connectivity": 1.9181636726546907, "max_connectivity": 10, "avg_pathlength": 18.11111111111111}, "nelson_1_02.graph": {"avg_clustering": 0.732074763781346, "min_connectivity": 1, "avg_connectivity": 2.3740518962075847, "max_connectivity": 14, "avg_pathlength": 12.4}, "nelson_1_04.graph": {"avg_clustering": 0.6379462146322297, "min_connectivity": 1, "avg_connectivity": 3.5936127744510977, "max_connectivity": 25, "avg_pathlength": 9.067415730337078}, "nelson_1_06.graph": {"avg_clustering": 0.5680068439956308, "min_connectivity": 1, "avg_connectivity": 5.10059880239521, "max_connectivity": 33, "avg_pathlength": 7.168421052631579}, "nelson_1_08.graph": {"avg_clustering": 0.5132903038630994, "min_connectivity": 1, "avg_connectivity": 7.430339321357286, "max_connectivity": 112, "avg_pathlength": 6.11340206185567}, "nelson_1_09.graph": {"avg_clustering": 0.4870150385754989, "min_connectivity": 1, "avg_connectivity": 8.980439121756486, "max_connectivity": 124, "avg_pathlength": 5.58}, "nelson_1_10.graph": {"avg_clustering": 0.4652350267812652, "min_connectivity": 1, "avg_connectivity": 10.79441117764471, "max_connectivity": 145, "avg_pathlength": 5.103092783505154}, "nelson_1_11.graph": {"avg_clustering": 0.4423559424842749, "min_connectivity": 1, "avg_connectivity": 13.269860279441117, "max_connectivity": 166, "avg_pathlength": 4.71}, "nelson_1_12.graph": {"avg_clustering": 0.4203850925004016, "min_connectivity": 1, "avg_connectivity": 16.128942115768464, "max_connectivity": 183, "avg_pathlength": 4.47}, "nelson_1_13.graph": {"avg_clustering": 0.3996574212732246, "min_connectivity": 1, "avg_connectivity": 19.90818363273453, "max_connectivity": 212, "avg_pathlength": 4.26}, "nelson_1_14.graph": {"avg_clustering": 0.38135142626225477, "min_connectivity": 1, "avg_connectivity": 24.350898203592813, "max_connectivity": 243, "avg_pathlength": 3.86}, "nelson_1_15.graph": {"avg_clustering": 0.3631779044503812, "min_connectivity": 1, "avg_connectivity": 29.93932135728543, "max_connectivity": 265, "avg_pathlength": 3.52}, "nelson_1_16.graph": {"avg_clustering": 0.3472212860482489, "min_connectivity": 1, "avg_connectivity": 36.82594810379241, "max_connectivity": 295, "avg_pathlength": 3.45}, "nelson_1_17.graph": {"avg_clustering": 0.3327668311140794, "min_connectivity": 1, "avg_connectivity": 45.20399201596806, "max_connectivity": 330, "avg_pathlength": 3.04}, "nelson_1_18.graph": {"avg_clustering": 0.32000927599566076, "min_connectivity": 1, "avg_connectivity": 55.21996007984032, "max_connectivity": 363, "avg_pathlength": 3.09}, "nelson_1_19.graph": {"avg_clustering": 0.3100189609103337, "min_connectivity": 1, "avg_connectivity": 67.73972055888224, "max_connectivity": 408, "avg_pathlength": 2.9}, "nelson_1_20.graph": {"avg_clustering": 0.30156394690526095, "min_connectivity": 1, "avg_connectivity": 83.212375249501, "max_connectivity": 482, "avg_pathlength": 2.71}}