{"nelson_0_100.graph": {"avg_clustering": 0.42053003032522296, "min_connectivity": 10, "avg_connectivity": 14.310179640718562, "max_connectivity": 63, "avg_pathlength": 4.17}, "nelson_0_11.graph": {"avg_clustering": 0.4224005782883446, "min_connectivity": 1, "avg_connectivity": 8.674599917931884, "max_connectivity": 47, "avg_pathlength": 5.31}, "nelson_0_13.graph": {"avg_clustering": 0.3864184200757234, "min_connectivity": 1, "avg_connectivity": 9.956292998785917, "max_connectivity": 51, "avg_pathlength": 4.87}, "nelson_0_15.graph": {"avg_clustering": 0.3554833364911664, "min_connectivity": 1, "avg_connectivity": 11.132302750451716, "max_connectivity": 53, "avg_pathlength": 4.74}, "nelson_0_16.graph": {"avg_clustering": 0.3444877071012755, "min_connectivity": 1, "avg_connectivity": 11.623321979563213, "max_connectivity": 54, "avg_pathlength": 4.67}, "nelson_0_17.graph": {"avg_clustering": 0.3367620163179697, "min_connectivity": 1, "avg_connectivity": 12.041624974984991, "max_connectivity": 57, "avg_pathlength": 4.54}, "nelson_0_20.graph": {"avg_clustering": 0.3238786813012376, "min_connectivity": 1, "avg_connectivity": 12.782348242811501, "max_connectivity": 58, "avg_pathlength": 4.34}, "nelson_0_25.graph": {"avg_clustering": 0.3259106617107483, "min_connectivity": 1, "avg_connectivity": 13.104191616766467, "max_connectivity": 59, "avg_pathlength": 4.44}, "nelson_0_31.graph": {"avg_clustering": 0.3316564139413728, "min_connectivity": 6, "avg_connectivity": 13.21197604790419, "max_connectivity": 60, "avg_pathlength": 4.46}, "nelson_0_38.graph": {"avg_clustering": 0.335272677354052, "min_connectivity": 8, "avg_connectivity": 13.263473053892216, "max_connectivity": 61, "avg_pathlength": 4.49}, "nelson_0_46.graph": {"avg_clustering": 0.33729570104329876, "min_connectivity": 9, "avg_connectivity": 13.289820359281437, "max_connectivity": 62, "avg_pathlength": 4.45}, "nelson_0_55.graph": {"avg_clustering": 0.3381287353782636, "min_connectivity": 9, "avg_connectivity": 13.29940119760479, "max_connectivity": 62, "avg_pathlength": 4.33}, "nelson_0_65.graph": {"avg_clustering": 0.33863362161142846, "min_connectivity": 9, "avg_connectivity": 13.304191616766467, "max_connectivity": 62, "avg_pathlength": 4.35}, "nelson_0_76.graph": {"avg_clustering": 0.33937356572739424, "min_connectivity": 9, "avg_connectivity": 13.310179640718562, "max_connectivity": 62, "avg_pathlength": 4.45}, "nelson_0_89.graph": {"avg_clustering": 0.33937356572739424, "min_connectivity": 9, "avg_connectivity": 13.310179640718562, "max_connectivity": 62, "avg_pathlength": 4.52}, "nelson_1_11.graph": {"avg_clustering": 0.4320270083711224, "min_connectivity": 1, "avg_connectivity": 8.54131736526946, "max_connectivity": 48, "avg_pathlength": 5.38}, "nelson_1_13.graph": {"avg_clustering": 0.39093829900383403, "min_connectivity": 1, "avg_connectivity": 9.881037924151697, "max_connectivity": 52, "avg_pathlength": 5.15}, "nelson_3_11.graph": {"avg_clustering": 0.3855192743674927, "min_connectivity": 3, "avg_connectivity": 9.079041916167665, "max_connectivity": 50, "avg_pathlength": 5.14}, "nelson_3_13.graph": {"avg_clustering": 0.3656605540461269, "min_connectivity": 3, "avg_connectivity": 10.197604790419161, "max_connectivity": 54, "avg_pathlength": 5.11}, "nelson_3_16.graph": {"avg_clustering": 0.33898965822249455, "min_connectivity": 3, "avg_connectivity": 11.716966067864272, "max_connectivity": 55, "avg_pathlength": 4.75}, "nelson_3_20.graph": {"avg_clustering": 0.32397442616217875, "min_connectivity": 3, "avg_connectivity": 12.805189620758483, "max_connectivity": 58, "avg_pathlength": 4.43}, "nelson_3_25.graph": {"avg_clustering": 0.3262767889218253, "min_connectivity": 3, "avg_connectivity": 13.116167664670659, "max_connectivity": 59, "avg_pathlength": 4.36}, "nelson_graph.graph": {"avg_clustering": 0.4433266531262189, "min_connectivity": 1, "avg_connectivity": 7.949854952341483, "max_connectivity": 46, "avg_pathlength": 5.540816326530612}, "nelson_graph_1min.graph": {"avg_clustering": 0.4553372958546398, "min_connectivity": 1, "avg_connectivity": 7.793213572854292, "max_connectivity": 47, "avg_pathlength": 5.82}, "pathlengths_directed_step_distance.graph": {"avg_clustering": 0.23308597444195187, "min_connectivity": 1, "avg_connectivity": 12.677560781187724, "max_connectivity": 33, "avg_pathlength": 4.357142857142857}, "pathlengths_undirected_kennetetal.graph": {"avg_clustering": 0.7714708912110492, "min_connectivity": 1, "avg_connectivity": 5.851335193304105, "max_connectivity": 35, "avg_pathlength": 23.76}, "pathlengths_undirected_step_distance.graph": {"avg_clustering": 0.2806163910222114, "min_connectivity": 1, "avg_connectivity": 22.013551215623753, "max_connectivity": 330, "avg_pathlength": 3.01}, "pathlengths_undirected_step_distance_pmfg.graph": {"avg_clustering": 0.78745489817908, "min_connectivity": 3, "avg_connectivity": 5.997608609007573, "max_connectivity": 119, "avg_pathlength": 12.64}, "nelson_0_03.graph": {"avg_clustering": 0.6562842956744567, "min_connectivity": 1, "avg_connectivity": 3.0886419083762537, "max_connectivity": 16, "avg_pathlength": 10.095238095238095}, "nelson_0_05.graph": {"avg_clustering": 0.5700274298847461, "min_connectivity": 1, "avg_connectivity": 4.4797360980207355, "max_connectivity": 30, "avg_pathlength": 7.666666666666667}, "nelson_0_07.graph": {"avg_clustering": 0.5105880729021759, "min_connectivity": 1, "avg_connectivity": 5.8686868686868685, "max_connectivity": 36, "avg_pathlength": 6.989583333333333}, "nelson_1_03.graph": {"avg_clustering": 0.6807040938918327, "min_connectivity": 1, "avg_connectivity": 2.949700598802395, "max_connectivity": 17, "avg_pathlength": 10.063291139240507}, "nelson_1_05.graph": {"avg_clustering": 0.5994104992269695, "min_connectivity": 1, "avg_connectivity": 4.227944111776447, "max_connectivity": 31, "avg_pathlength": 7.697916666666667}, "nelson_1_07.graph": {"avg_clustering": 0.5358237566929188, "min_connectivity": 1, "avg_connectivity": 5.611976047904192, "max_connectivity": 37, "avg_pathlength": 6.787878787878788}, "nelson_0_01.graph": {"avg_clustering": 0.829933780420942, "min_connectivity": 1, "avg_connectivity": 1.674933569530558, "max_connectivity": 7, "avg_pathlength": 15.5}, "nelson_0_015.graph": {"avg_clustering": 0.7687435543349589, "min_connectivity": 1, "avg_connectivity": 2.0279569892473117, "max_connectivity": 10, "avg_pathlength": 15.880952380952381}, "nelson_0_02.graph": {"avg_clustering": 0.7270852065033818, "min_connectivity": 1, "avg_connectivity": 2.3634100808960796, "max_connectivity": 12, "avg_pathlength": 12.526315789473685}, "nelson_2_01.graph": {"avg_clustering": 0.5449334357735123, "min_connectivity": 2, "avg_connectivity": 3.33812375249501, "max_connectivity": 16, "avg_pathlength": 9.35}, "nelson_2_02.graph": {"avg_clustering": 0.5347496759104737, "min_connectivity": 2, "avg_connectivity": 3.578043912175649, "max_connectivity": 18, "avg_pathlength": 8.59}, "nelson_3_01.graph": {"avg_clustering": 0.4380146449052805, "min_connectivity": 3, "avg_connectivity": 4.825948103792415, "max_connectivity": 20, "avg_pathlength": 6.85}, "nelson_3_02.graph": {"avg_clustering": 0.4363489739718466, "min_connectivity": 3, "avg_connectivity": 4.938922155688623, "max_connectivity": 23, "avg_pathlength": 6.99}}