{"nelson_1_30.graph": {"avg_clustering": 0.33606758593925895, "min_connectivity": 1, "avg_connectivity": 66.29820359281437, "max_connectivity": 379, "avg_pathlength": 3.0}, "nelson_1_35.graph": {"avg_clustering": 0.41901631435991926, "min_connectivity": 1, "avg_connectivity": 31.485828343313372, "max_connectivity": 244, "avg_pathlength": 3.76}, "nelson_1_40.graph": {"avg_clustering": 0.5357651195117415, "min_connectivity": 1, "avg_connectivity": 15.54131736526946, "max_connectivity": 139, "avg_pathlength": 4.888888888888889}, "nelson_1_45.graph": {"avg_clustering": 0.6542359043659185, "min_connectivity": 1, "avg_connectivity": 7.900998003992016, "max_connectivity": 91, "avg_pathlength": 6.842105263157895}, "nelson_1_50.graph": {"avg_clustering": 0.7436443867073119, "min_connectivity": 1, "avg_connectivity": 4.310978043912176, "max_connectivity": 56, "avg_pathlength": 9.131147540983607}, "nelson_1_55.graph": {"avg_clustering": 0.8016557723496566, "min_connectivity": 1, "avg_connectivity": 2.635928143712575, "max_connectivity": 35, "avg_pathlength": 16.8}, "nelson_1_60.graph": {"avg_clustering": 0.8257576183551786, "min_connectivity": 1, "avg_connectivity": 1.9868263473053893, "max_connectivity": 25, "avg_pathlength": 15.0}, "pathlengths_directed_step_distance.graph": {"avg_clustering": 0.23308597444195187, "min_connectivity": 1, "avg_connectivity": 12.677560781187724, "max_connectivity": 33, "avg_pathlength": 4.2727272727272725}, "pathlengths_undirected_kennetetal.graph": {"avg_clustering": 0.7714708912110492, "min_connectivity": 1, "avg_connectivity": 5.851335193304105, "max_connectivity": 35, "avg_pathlength": 23.81}, "pathlengths_undirected_step_distance.graph": {"avg_clustering": 0.2806163910222114, "min_connectivity": 1, "avg_connectivity": 22.013551215623753, "max_connectivity": 330, "avg_pathlength": 3.03}, "pathlengths_undirected_step_distance_pmfg.graph": {"avg_clustering": 0.78745489817908, "min_connectivity": 3, "avg_connectivity": 5.997608609007573, "max_connectivity": 119, "avg_pathlength": 12.87}, "nelson_1_25.graph": {"avg_clustering": 0.29758370937790424, "min_connectivity": 2, "avg_connectivity": 144.73493013972055, "max_connectivity": 716, "avg_pathlength": 2.5}, "nelson_1_26.graph": {"avg_clustering": 0.30272469691236054, "min_connectivity": 2, "avg_connectivity": 123.36766467065868, "max_connectivity": 637, "avg_pathlength": 2.4}, "nelson_1_27.graph": {"avg_clustering": 0.30893360017158017, "min_connectivity": 1, "avg_connectivity": 105.42514970059881, "max_connectivity": 558, "avg_pathlength": 2.57}, "nelson_1_28.graph": {"avg_clustering": 0.31625434117536544, "min_connectivity": 1, "avg_connectivity": 90.17205588822355, "max_connectivity": 482, "avg_pathlength": 2.71}, "nelson_1_29.graph": {"avg_clustering": 0.32565135371595894, "min_connectivity": 1, "avg_connectivity": 77.32215568862276, "max_connectivity": 416, "avg_pathlength": 2.86}, "nelson_1_31.graph": {"avg_clustering": 0.3489425439193211, "min_connectivity": 1, "avg_connectivity": 56.99001996007984, "max_connectivity": 347, "avg_pathlength": 3.01}, "nelson_1_32.graph": {"avg_clustering": 0.36405394638079663, "min_connectivity": 1, "avg_connectivity": 49.06706586826348, "max_connectivity": 316, "avg_pathlength": 3.17}, "nelson_1_33.graph": {"avg_clustering": 0.38047222694875793, "min_connectivity": 1, "avg_connectivity": 42.20878243512974, "max_connectivity": 289, "avg_pathlength": 3.32}, "nelson_1_34.graph": {"avg_clustering": 0.3982784783227078, "min_connectivity": 1, "avg_connectivity": 36.43473053892215, "max_connectivity": 264, "avg_pathlength": 3.5}, "nelson_1_65.graph": {"avg_clustering": 0.8365423432189805, "min_connectivity": 1, "avg_connectivity": 1.734930139720559, "max_connectivity": 14, "avg_pathlength": 9999999}, "nelson_1_70.graph": {"avg_clustering": 0.8396007984031839, "min_connectivity": 1, "avg_connectivity": 1.644311377245509, "max_connectivity": 11, "avg_pathlength": 9999999}, "nelson_1_75.graph": {"avg_clustering": 0.8402624908912235, "min_connectivity": 1, "avg_connectivity": 1.616367265469062, "max_connectivity": 9, "avg_pathlength": 9999999}, "nelson_1_80.graph": {"avg_clustering": 0.840486645756097, "min_connectivity": 1, "avg_connectivity": 1.6055888223552894, "max_connectivity": 9, "avg_pathlength": 9999999}, "nelson_1_85.graph": {"avg_clustering": 0.840438963343145, "min_connectivity": 1, "avg_connectivity": 1.6007984031936129, "max_connectivity": 9, "avg_pathlength": 9999999}, "nelson_1_90.graph": {"avg_clustering": 0.8403751227703224, "min_connectivity": 1, "avg_connectivity": 1.5992015968063873, "max_connectivity": 9, "avg_pathlength": 9999999}}